{
    "Addon": {
        "EnchantSetting": {
            "amplifier": 1
        },
        "PackResourceSortData": {
            "1024_qpvvf:featurerules": {
                "createTime": 1683862589.7231903,
                "modifyTime": 1683862965.6156514
            },
            "128_dimension_config": {
                "createTime": 1683902268.2992976,
                "modifyTime": 1683902270.223465
            },
            "131072_dm163837817": {
                "createTime": 1683902270.0633514,
                "modifyTime": 1683902270.0633514
            },
            "131072_dm569971670": {
                "createTime": 1683902270.242502,
                "modifyTime": 1683902270.242502
            },
            "1_minecraft:wither_skeleton": {
                "createTime": 1683904161.7874546,
                "modifyTime": 1683904176.326157
            },
            "1_qpvvf:blindbox_spawner_egg": {
                "createTime": 1683965309.243922,
                "modifyTime": 1683967231.5023777
            },
            "1_qpvvf:golden_armor": {
                "createTime": 1684164682.30775,
                "modifyTime": 1684164863.9422915
            },
            "1_qpvvf:shi": {
                "createTime": 1684051365.3285153,
                "modifyTime": 1684051426.046369
            },
            "256_biome": {
                "createTime": 1683902216.8893292,
                "modifyTime": 1683902261.642654
            },
            "2_qpvvf:element": {
                "createTime": 1684931786.6760912,
                "modifyTime": 1684931815.4196937
            },
            "2_qpvvf:element_stone": {
                "createTime": 1684931813.571845,
                "modifyTime": 1684932254.4721067
            },
            "2_qpvvf:element_stone_fragment": {
                "createTime": 1684931857.031614,
                "modifyTime": 1684932257.0499775
            },
            "2_qpvvf:green_sword": {
                "createTime": 1684930945.5806158,
                "modifyTime": 1684932259.8516822
            },
            "2_qpvvf:identify_mirror": {
                "createTime": 1683972149.0868113,
                "modifyTime": 1684552510.3799138
            },
            "2_qpvvf:lightning_sword": {
                "createTime": 1684931014.5642676,
                "modifyTime": 1684933778.5257585
            },
            "2_qpvvf:red_sword": {
                "createTime": 1684930859.1040006,
                "modifyTime": 1684932268.5550997
            },
            "2_qpvvf:yellow_sword": {
                "createTime": 1684930922.23792,
                "modifyTime": 1684932271.1039383
            },
            "32768_sound_definitions": {
                "createTime": 1683967719.124155,
                "modifyTime": 1683968191.6229064
            },
            "32_beetroot_block": {
                "createTime": 1683970253.200865,
                "modifyTime": 1683970303.4765494
            },
            "32_blindBox": {
                "createTime": 1684402892.5195668,
                "modifyTime": 1684933655.4863954
            },
            "32_easdrf": {
                "createTime": 1683904436.608661,
                "modifyTime": 1683904469.0812445
            },
            "32_fertilizer": {
                "createTime": 1684395897.71985,
                "modifyTime": 1684396041.964813
            },
            "32_gold": {
                "createTime": 1684164714.9139123,
                "modifyTime": 1684164811.9389622
            },
            "32_loot": {
                "createTime": 1683902849.8151844,
                "modifyTime": 1683902906.6835804
            },
            "32_randomSapling": {
                "createTime": 1684396262.068029,
                "modifyTime": 1684396313.1555774
            },
            "32_shi": {
                "createTime": 1684051393.7372444,
                "modifyTime": 1684051418.2612052
            },
            "32_spawner_egg": {
                "createTime": 1683965422.2508175,
                "modifyTime": 1683966604.601597
            },
            "32_wither_skeleton": {
                "createTime": 1683903901.012315,
                "modifyTime": 1683904708.010912
            },
            "4_qpvvf:B175755796_monitor_block": {
                "createTime": 1683735860.6540062,
                "modifyTime": 1684552355.0325415
            },
            "4_qpvvf:B20298592_basketball_block": {
                "createTime": 1683946559.058023,
                "modifyTime": 1684552359.197979
            },
            "4_qpvvf:B34127671_changeSize_block": {
                "createTime": 1684035270.6475031,
                "modifyTime": 1684552364.4037154
            },
            "4_qpvvf:B439895022_error2_block": {
                "createTime": 1683902729.5566556,
                "modifyTime": 1684552368.649888
            },
            "4_qpvvf:B439895022_error_block": {
                "createTime": 1683862454.568191,
                "modifyTime": 1684552372.4998493
            },
            "4_qpvvf:B525479602_finder_block": {
                "createTime": 1683735331.3765776,
                "modifyTime": 1684552377.8350017
            },
            "4_qpvvf:B76969706_blindBox_block": {
                "createTime": 1683948556.7953782,
                "modifyTime": 1684552384.2460005
            },
            "4_qpvvf:B76969706_spawner_block": {
                "createTime": 1683948438.7621672,
                "modifyTime": 1684552387.9163418
            },
            "4_qpvvf:BD113887832_ok_block": {
                "createTime": 1684034226.8567696,
                "modifyTime": 1684552393.6427455
            },
            "4_qpvvf:BD113887832_waterOk_block": {
                "createTime": 1684034289.5487118,
                "modifyTime": 1684552397.729413
            },
            "4_qpvvf:BD440378168_sun_block": {
                "createTime": 1684034153.121254,
                "modifyTime": 1684552400.8695996
            },
            "4_qpvvf:BDNone_dead_block": {
                "createTime": 1684035103.9050837,
                "modifyTime": 1684552403.9868355
            },
            "4_qpvvf:BDNone_fertilizer_block": {
                "createTime": 1684393826.5772457,
                "modifyTime": 1684552407.9271588
            },
            "4_qpvvf:BDNone_watermelon_block": {
                "createTime": 1684034418.1694882,
                "modifyTime": 1684552412.5422475
            },
            "4_qpvvf:BDNone_小马珍珠_孙块": {
                "createTime": 1684035082.7750497,
                "modifyTime": 1684035082.7750497
            },
            "4_qpvvf:BD_440378168_sun_block": {
                "createTime": 1684033961.288388,
                "modifyTime": 1684034097.6279488
            },
            "4_qpvvf:BNone_bless_block": {
                "createTime": 1684078209.764278,
                "modifyTime": 1684552416.124388
            },
            "4_qpvvf:BNone_iceGhost_block": {
                "createTime": 1684156380.945138,
                "modifyTime": 1684552420.1919234
            },
            "4_qpvvf:BNone_lightning_block": {
                "createTime": 1684156453.5044403,
                "modifyTime": 1684552423.8521419
            },
            "4_qpvvf:BNone_recruit_block": {
                "createTime": 1684393009.0929592,
                "modifyTime": 1684552427.6525848
            },
            "4_qpvvf:BNone_rps_block": {
                "createTime": 1684395128.4296494,
                "modifyTime": 1684552431.1799493
            },
            "4_qpvvf:BNone_sign_block": {
                "createTime": 1684156608.7963133,
                "modifyTime": 1684552434.2439864
            },
            "4_qpvvf:BNone_threeGodPillars_block": {
                "createTime": 1684156728.1751804,
                "modifyTime": 1684552439.6549802
            },